Shear wave splitting measurements related to the publication;;;;;;;;;;;;;;;;;;;;;;;
;;;;;;;;;;;;;;;;;;;;;;;;
Lateral and vertical variations of seismic anisotropy in the lithosphere-asthenosphere system;;;;;;;;;;;;;;;;;;;;;;;
underneath Central Europe from long-term splitting measurements.;;;;;;;;;;;;;;;;;;;;;;;
2024. Geophysical Journal International.;;;;;;;;;;;;;;;;;;;;;;;
;;;;;;;;;;;;;;;;;;;;;;;;
Yvonne Fröhlich, Michael Grund, and Joachim R. R. Ritter;;;;;;;;;;;;;;;;;;;;;;;
;;;;;;;;;;;;;;;;;;;;;;;;
corresponding author: Yvonne Fröhlich. Karlsruhe Institute of Technology (KIT),;;;;;;;;;;;;;;;;;;;;;;;
Geophysical Institute, Hertzstr. 16, 76187 Karlsruhe, Germany. yvonne.froehlich@kit.edu. https://orcid.org/0000-0002-8566-0619.;;;;;;;;;;;;;;;;;;;;;;;
;;;;;;;;;;;;;;;;;;;;;;;;
Nulls (single-event analysis results of good and fair qualities) at the Black Forest Observatory (BFO, GR; 48.331 degN, 8.330 degE);;;;;;;;;;;;;;;;;;;;;;;
;;;;;;;;;;;;;;;;;;;;;;;;
year_jday;station;phase;inc_in_deg;baz_in_deg;epidis_in_deg;hdepth_in_km;lat_in_degN;lon_in_degE;region;freq_low_in_Hz;freq_upp_in_Hz;phiRC_in_deg;dtRC_in_sec;phiSC_min_in_deg;phiSC_in_deg;phiSC_max_in_deg;dtSC_min_in_sec;dtSC_in_sec;dtSC_max_in_sec;phiEV_in_deg;dtEV_in_sec;quality;observation;SI;SI_err;remark
2006.120;BFO;SKKS;10.1;34.63;142.63;151.30;-15.09;167.41;VANUATU;0.020;0.15;2;0.1;-54;-47;-46;2.8;4.0;4.0;-45;4.0;fair;Null;0.13;0.13;NaN
1996.197;BFO;SKS;8.1;41.21;102.88;177.00;18.73;145.63;MARIANA ISLANDS;0.010;0.10;-86;0.5;46;49;64;1.0;4.0;4.0;-41;4.0;fair;Null;0.10;0.08;NaN
1997.113;BFO;SKS;7.6;44.15;106.73;101.00;13.99;144.90;MARIANA ISLANDS;0.010;0.15;-90;0.4;46;48;-50;0.1;3.2;4.0;-44;4.0;fair;Null;0.38;0.10;NaN
1995.175;BFO;SKS;5.2;44.72;126.81;386.00;-3.98;153.95;NEW IRELAND REGION;0.010;0.10;85;0.6;56;-51;-50;0.2;4.0;4.0;53;1.3;fair;Null;0.69;0.08;NaN
2002.116;BFO;SKS;7.5;44.85;107.39;85.70;13.09;144.62;MARIANA ISLANDS;0.010;0.10;87;0.4;-Inf;55;Inf;0.0;1.9;Inf;49;3.9;fair;Null;0.13;0.05;NaN
2003.163;BFO;SKKS;10.9;45.02;128.97;186.30;-5.99;154.76;SOLOMON ISLANDS;0.010;0.10;84;0.9;-68;-55;-54;1.8;4.0;4.0;-63;2.5;fair;Null;0.67;0.08;NaN
2014.101;BFO;SKKS;10.9;45.06;129.66;50.00;-6.62;155.06;SOLOMON ISLANDS;0.070;0.25;85;0.1;37;41;46;1.8;3.7;4.0;51;3.6;fair;Null;0.04;0.06;NaN
2002.346;BFO;SKKS;11.1;45.95;127.20;34.00;-4.79;153.27;NEW IRELAND REGION, P.N.;0.010;0.15;-82;0.5;52;56;60;2.2;3.4;4.0;52;3.8;fair;Null;0.08;0.11;NaN
2003.196;BFO;SKS;5.4;46.57;125.84;33.00;-3.83;152.17;NEW IRELAND REGION, P.N.;0.010;0.10;-4;0.4;-33;39;46;0.2;4.0;4.0;41;4.0;fair;Null;-0.29;0.08;NaN
2000.326;BFO;SKKS;11.1;47.60;127.27;33.00;-5.49;152.15;NEW BRITAIN REGION;0.010;0.10;-79;0.7;52;58;68;1.6;3.5;4.0;64;2.6;fair;Null;-0.10;0.12;NaN
2003.206;BFO;SKS;5.7;47.82;122.62;24.00;-1.53;149.69;NEW IRELAND REGION, P.N.;0.010;0.10;85;0.1;-56;-48;-48;2.9;4.0;4.0;-52;4.0;fair;Null;-0.35;0.15;NaN
2015.259;BFO;SKKS;11.1;48.68;127.37;6.30;-6.00;151.45;NEW BRITAIN REGION, P.N.;0.020;0.25;13;0.0;54;57;60;2.4;3.4;4.0;55;3.4;fair;Null;-0.05;0.09;NaN
2003.179;BFO;SKS;5.8;52.52;122.36;10.00;-3.33;146.15;BISMARCK SEA;0.010;0.15;-82;0.2;52;55;-39;0.0;3.6;4.0;-29;4.0;fair;Null;-0.04;0.10;NaN
1999.044;BFO;SKKS;11.4;53.98;121.85;10.00;-3.56;144.83;NEAR N COAST OF PAPUA NE;0.010;0.10;-78;0.7;58;62;70;1.8;3.8;4.0;60;4.0;fair;Null;0.09;0.09;NaN
2019.126;BFO;SKKS;11.1;54.67;125.66;126.90;-6.98;146.44;EASTERN NEW GUINEA REG.,;0.020;0.20;-77;0.1;-Inf;59;Inf;0.0;1.7;Inf;63;0.7;fair;Null;-0.01;0.04;NaN
2002.260;BFO;SKS;5.9;55.82;120.49;10.00;-3.28;142.77;NEAR N COAST OF PAPUA NE;0.010;0.10;-75;0.1;58;58;60;2.0;4.0;4.0;60;3.6;good;Null;-0.01;0.05;NaN
2002.259;BFO;SKS;5.9;55.92;120.47;10.00;-3.31;142.68;NEAR N COAST OF PAPUA NE;0.010;0.15;-75;0.4;60;64;76;0.8;2.4;3.9;62;2.7;fair;Null;0.20;0.08;NaN
1998.198;BFO;SKKS;11.5;56.42;119.76;10.00;-2.96;141.93;NEAR N COAST OF PAPUA NE;0.010;0.10;-72;0.3;62;64;72;2.2;4.0;4.0;66;4.0;fair;Null;0.25;0.11;NaN
1992.305;BFO;SKS;6.1;56.73;118.90;33.00;-2.39;141.22;NR CST PAPUA NEW GUINEA;0.010;0.10;-80;0.2;-Inf;63;Inf;0.0;1.2;Inf;61;1.5;fair;Null;0.14;0.07;NaN
1995.119;BFO;SKS;8.8;61.24;98.64;33.00;11.77;126.04;PHILIPPINE ISLANDS REGIO;0.010;0.10;22;0.2;-29;-25;46;0.2;3.0;4.0;63;1.8;good;Null;-0.31;0.05;NaN
1995.125;BFO;SKS;8.9;61.31;97.53;33.00;12.62;125.31;SAMAR, PHILIPPINE ISLAND;0.010;0.10;-69;0.4;-Inf;67;Inf;0.0;4.0;Inf;-43;0.7;fair;Null;0.45;0.05;NaN
1995.113;BFO;SKS;8.9;61.41;97.76;33.00;12.38;125.36;SAMAR, PHILIPPINE ISLAND;0.010;0.10;21;0.2;-29;-25;-25;2.8;4.0;4.0;-21;1.9;good;Null;-0.17;0.05;NaN
1996.276;BFO;SKKS;12.6;61.69;98.32;33.00;11.76;125.48;SAMAR, PHILIPPINE ISLAND;0.040;0.15;28;0.4;-27;-20;-19;1.9;3.4;4.0;68;1.5;fair;Null;-0.36;0.09;NaN
1996.264;BFO;SKS;8.5;62.35;100.53;33.00;9.60;126.29;MINDANAO, PHILIPPINE ISL;0.010;0.15;26;0.6;-25;-18;3;0.6;2.5;4.0;-4;1.1;fair;Null;-0.24;0.06;NaN
1997.279;BFO;SKS;8.5;62.65;100.08;105.60;9.79;125.78;MINDANAO, PHILIPPINE ISL;0.010;0.15;28;0.4;-23;-19;-15;2.2;3.7;4.0;-17;3.4;fair;Null;-0.58;0.10;NaN
2007.232;BFO;SKS;8.0;63.59;103.96;8.00;6.13;127.38;PHILIPPINE ISLANDS REGIO;0.010;0.10;21;0.3;62;64;68;2.6;4.0;4.0;68;4.0;fair;Null;-0.53;0.11;NaN
2000.006;BFO;SKS;10.0;63.68;91.34;33.00;16.09;119.48;LUZON, PHILIPPINE ISLAND;0.010;0.15;31;0.3;-23;-18;-17;2.8;4.0;4.0;-14;3.4;fair;Null;-0.30;0.11;NaN
1999.345;BFO;SKS;9.9;63.68;91.75;33.00;15.77;119.74;LUZON, PHILIPPINE ISLAND;0.010;0.10;22;0.2;-27;-22;-21;2.2;4.0;4.0;-20;3.6;good;Null;-0.23;0.07;NaN
2004.282;BFO;SKS;9.5;64.22;93.67;105.00;13.93;120.53;MINDORO, PHILIPPINES;0.010;0.10;-67;0.2;-Inf;70;Inf;0.0;1.9;Inf;78;0.7;fair;Null;0.05;0.08;NaN
2000.166;BFO;SKKS;12.3;64.30;105.43;89.50;4.54;127.72;TALAUD ISLANDS;0.010;0.10;22;0.5;-25;-20;29;0.3;4.0;4.0;-22;4.0;fair;Null;0.01;0.13;NaN
1999.169;BFO;SKS;8.0;64.58;104.01;33.00;5.51;126.64;MINDANAO, PHILIPPINE ISL;0.010;0.10;27;0.4;-27;-19;56;0.1;4.0;4.0;69;2.2;fair;Null;-0.42;0.06;NaN
2009.165;BFO;SKS;8.0;64.84;104.01;35.00;5.36;126.44;MINDANAO, PHILIPPINES;0.040;0.14;-69;0.4;-Inf;73;Inf;0.0;1.3;Inf;67;2.9;fair;Null;0.13;0.08;NaN
2013.323;BFO;SKS;7.5;64.90;107.38;38.00;2.64;128.43;HALMAHERA, INDONESIA;0.050;0.13;28;0.4;-25;-19;-13;1.2;3.1;4.0;5;0.5;fair;Null;-0.42;0.07;NaN
2005.046;BFO;SKKS;12.3;65.23;104.48;39.70;4.76;126.42;TALAUD ISLANDS, INDONESI;0.010;0.10;24;0.4;-27;-19;62;0.0;3.6;4.0;-13;1.7;fair;Null;-0.54;0.05;NaN
2016.011;BFO;SKS;7.8;65.42;105.46;20.80;3.86;126.87;TALAUD ISLANDS, INDONESI;0.067;0.16;20;0.2;-23;63;66;0.1;2.6;4.0;69;3.5;fair;Null;-0.17;0.07;NaN
1994.117;BFO;SKS;9.5;65.50;93.76;33.00;13.07;119.56;PHILIPPINE ISLANDS REGIO;0.010;0.10;-69;0.1;-Inf;67;Inf;0.0;2.7;Inf;-25;2.1;fair;Null;-0.01;0.06;NaN
2007.207;BFO;SKS;7.6;65.56;106.61;25.00;2.87;127.46;NORTHERN MOLUCCA SEA;0.010;0.10;24;0.4;-25;-20;-11;0.7;3.7;4.0;-14;1.6;good;Null;-0.58;0.05;NaN
2011.192;BFO;SKKS;12.6;65.68;98.14;19.00;9.51;122.17;NEGROS, PHILIPPINES;0.010;0.19;22;0.1;64;68;74;1.6;4.0;4.0;68;4.0;fair;Null;-0.27;0.12;NaN
1998.271;BFO;SKS;7.8;65.82;105.20;30.10;3.84;126.41;TALAUD ISLANDS;0.010;0.10;28;0.3;-25;-18;-17;2.1;4.0;4.0;-16;4.0;fair;Null;-0.22;0.13;NaN
2003.069;BFO;SKS;7.5;66.44;107.45;93.80;1.69;127.30;HALMAHERA, INDONESIA;0.010;0.10;-64;0.1;66;68;76;0.7;2.2;4.0;70;2.0;fair;Null;0.11;0.08;NaN
1993.150;BFO;SKS;7.5;66.60;107.51;77.00;1.55;127.22;HALMAHERA;0.030;0.10;28;0.2;-23;-19;-15;1.5;4.0;4.0;-17;3.3;good;Null;-0.24;0.05;NaN
2014.363;BFO;SKS;8.8;66.78;98.45;37.80;8.60;121.50;MINDANAO, PHILIPPINES;0.050;0.17;-67;0.2;68;73;86;0.5;1.1;2.5;-31;4.0;fair;Null;0.20;0.07;NaN
2014.336;BFO;SKS;8.2;66.99;101.41;617.90;6.14;123.17;MINDANAO, PHILIPPINES;0.030;0.13;33;0.3;-23;-17;-9;1.2;3.9;4.0;1;0.7;fair;Null;-0.39;0.07;NaN
1996.059;BFO;SKKS;12.2;67.41;106.68;103.00;1.73;126.10;MOLUCCA PASSAGE;0.010;0.10;-61;0.3;68;73;84;0.8;4.0;4.0;75;4.0;fair;Null;0.01;0.07;NaN
1996.059;BFO;SKS;7.6;67.41;106.68;103.00;1.73;126.10;MOLUCCA PASSAGE;0.010;0.10;25;0.4;-23;-15;52;0.2;1.7;4.0;17;0.4;fair;Null;-0.56;0.04;NaN
2001.239;BFO;SKKS;12.2;67.61;107.35;33.00;1.09;126.36;MOLUCCA PASSAGE;0.010;0.15;30;0.4;-25;-14;56;0.1;3.4;4.0;-12;3.1;fair;Null;0.31;0.07;NaN
2007.051;BFO;SKS;7.3;68.47;109.40;11.00;-1.03;126.98;SOUTHERN MOLUCCA SEA;0.010;0.10;27;0.1;-Inf;70;Inf;0.0;4.0;Inf;70;1.0;good;Null;-0.13;0.06;NaN
2011.318;BFO;SKS;7.3;68.48;109.29;17.00;-0.95;126.91;SOUTHERN MOLUCCA SEA;0.010;0.10;-63;0.1;72;72;76;2.4;4.0;4.0;72;3.9;good;Null;0.04;0.06;NaN
2009.297;BFO;SKS;6.5;69.02;115.50;130.00;-6.13;130.38;BANDA SEA;0.010;0.15;-59;0.2;74;75;78;3.0;3.8;4.0;75;3.8;good;Null;-0.12;0.07;NaN
2009.297;BFO;SKKS;11.7;69.02;115.50;130.00;-6.13;130.38;BANDA SEA;0.010;0.10;-63;0.1;-Inf;-17;Inf;0.0;4.0;Inf;-17;4.0;fair;Null;0.54;0.07;NaN
1996.365;BFO;SKKS;11.9;69.50;112.41;33.00;-3.99;128.10;CERAM;0.010;0.10;-69;0.2;-Inf;-24;Inf;0.0;4.0;Inf;-24;4.0;fair;Null;0.05;0.08;NaN
2010.095;BFO;SKS;7.5;69.56;107.51;35.00;-0.19;125.00;SOUTHERN MOLUCCA SEA;0.050;0.12;34;0.4;-21;-12;-3;0.9;2.8;4.0;4;0.8;fair;Null;-0.50;0.12;NaN
2006.073;BFO;SKS;7.0;69.99;111.55;30.10;-3.60;127.21;SERAM, INDONESIA;0.010;0.15;29;0.6;-19;-12;-11;2.2;4.0;4.0;-12;4.0;fair;Null;-0.42;0.09;NaN
2006.073;BFO;SKKS;12.0;69.99;111.55;30.10;-3.60;127.21;SERAM, INDONESIA;0.010;0.10;-66;0.7;74;80;-84;0.8;2.6;4.0;74;3.8;fair;Null;0.54;0.08;NaN
1997.307;BFO;SKS;6.5;70.61;115.13;215.60;-6.74;129.02;BANDA SEA;0.010;0.10;16;0.5;52;63;70;0.9;2.9;4.0;31;0.5;fair;Null;-0.44;0.07;NaN
1997.329;BFO;SKKS;12.3;70.63;104.86;24.00;1.24;122.54;MINAHASSA PENINSULA;0.050;0.15;-61;0.1;-Inf;73;Inf;0.0;2.7;Inf;-15;4.0;fair;Null;0.07;0.16;NaN
1998.333;BFO;SKS;7.3;70.89;108.91;33.00;-2.07;124.89;CERAM SEA;0.010;0.10;27;0.4;-21;-13;68;0.1;1.8;4.0;-15;2.5;fair;Null;-0.25;0.05;NaN
2008.321;BFO;SKS;7.9;70.97;104.55;30.00;1.27;122.09;MINAHASSA PENINSULA, SUL;0.010;0.15;31;0.6;-17;-9;1;1.0;2.4;4.0;1;1.3;fair;Null;-0.58;0.06;NaN
2006.175;BFO;SKS;7.6;71.16;106.53;26.00;-0.39;123.19;MINAHASSA PENINSULA, SUL;0.050;0.13;26;0.1;-Inf;69;Inf;0.0;1.6;Inf;69;1.5;good;Null;0.01;0.04;NaN
2000.125;BFO;SKKS;12.2;71.33;107.33;26.00;-1.11;123.57;SULAWESI;0.010;0.10;-63;0.2;-Inf;-23;Inf;0.0;1.1;Inf;-19;3.2;fair;Null;0.05;0.08;NaN
2000.063;BFO;SKS;6.5;71.46;115.24;141.90;-7.32;128.49;BANDA SEA;0.010;0.10;33;0.2;-19;-13;-11;1.8;4.0;4.0;77;2.9;fair;Null;-0.19;0.10;NaN
2011.242;BFO;SKKS;11.8;72.25;113.41;469.60;-6.36;126.76;BANDA SEA;0.067;0.20;35;0.4;-15;-10;7;0.5;1.8;3.3;48;0.4;fair;Null;-0.31;0.07;NaN
1996.204;BFO;SKS;8.0;72.46;103.72;33.00;1.00;120.45;MINAHASSA PENINSULA;0.010;0.15;31;0.3;-Inf;-12;Inf;0.0;2.3;Inf;0;0.8;fair;Null;-0.91;0.05;NaN
1996.198;BFO;SKS;8.0;72.60;103.58;33.00;1.02;120.25;MINAHASSA PENINSULA;0.010;0.10;34;0.4;-19;-13;35;0.2;4.0;4.0;3;0.7;good;Null;-0.47;0.04;NaN
1996.038;BFO;SKKS;12.4;72.65;103.61;33.00;0.97;120.23;MINAHASSA PENINSULA;0.010;0.10;28;0.1;-Inf;-15;Inf;0.0;3.5;Inf;-17;4.0;fair;Null;0.23;0.07;NaN
2015.354;BFO;SKS;8.6;72.98;99.90;9.00;3.63;117.62;BORNEO;0.030;0.10;34;0.2;-15;-11;-9;2.1;3.6;4.0;-11;3.6;fair;Null;-0.31;0.06;NaN
1996.001;BFO;SKS;8.0;73.01;103.64;33.00;0.72;119.98;MINAHASSA PENINSULA;0.010;0.10;32;0.4;-19;-13;72;0.0;4.0;4.0;-3;1.0;good;Null;-0.91;0.05;NaN
2000.135;BFO;SKS;7.2;73.80;109.54;33.00;-4.30;123.16;BANDA SEA;0.010;0.10;34;0.4;-17;-10;-3;1.3;4.0;4.0;-8;3.8;fair;Null;-0.10;0.08;NaN
1994.166;BFO;SKS;7.5;85.62;107.85;33.00;-10.41;113.54;SOUTH OF JAVA;0.010;0.10;47;0.7;3;6;7;2.8;3.7;4.0;6;3.7;fair;Null;-0.85;0.08;NaN
1994.046;BFO;SKS;8.9;88.95;97.70;15.00;-5.05;104.24;SOUTHERN SUMATERA;0.010;0.10;44;1.2;7;15;37;1.2;2.6;4.0;7;3.9;fair;Null;-1.29;0.11;NaN
2009.228;BFO;SKKS;12.8;90.12;91.88;20.00;-1.48;99.49;SOUTHERN SUMATRA, INDONE;0.020;0.25;50;0.3;3;8;23;0.5;2.6;4.0;4;3.0;fair;Null;0.05;0.12;NaN
1998.141;BFO;SKS;9.1;156.50;96.22;10.00;-43.40;41.39;PRINCE EDWARD ISLANDS RE;0.010;0.10;25;0.1;-Inf;69;Inf;0.0;4.0;Inf;53;0.3;good;Null;0.12;0.05;NaN
2003.027;BFO;SKS;9.0;161.66;97.22;10.00;-46.05;35.06;PRINCE EDWARD ISLANDS RE;0.020;0.10;27;0.4;-19;62;72;0.0;1.0;4.0;66;1.5;fair;Null;0.33;0.04;NaN
2003.129;BFO;SKS;8.8;164.12;98.74;10.00;-48.21;32.27;PRINCE EDWARD ISLANDS RE;0.010;0.10;34;0.1;-Inf;-12;Inf;0.0;4.0;Inf;-10;4.0;fair;Null;0.17;0.18;NaN
2004.272;BFO;SKS;8.2;167.89;102.22;10.00;-52.51;28.02;SOUTH OF AFRICA;0.010;0.14;-51;0.2;-Inf;82;Inf;0.0;2.8;Inf;-72;0.2;fair;Null;0.03;0.06;NaN
1996.174;BFO;SKS;8.3;179.72;102.10;10.00;-53.77;8.80;BOUVET ISLAND REGION;0.010;0.15;-45;0.2;-Inf;-84;Inf;0.0;1.2;Inf;-88;2.4;fair;Null;-0.49;0.11;NaN
2008.182;BFO;SKS;7.2;196.43;109.46;19.00;-58.22;-22.10;SOUTH SANDWICH ISLANDS R;0.010;0.10;-22;0.2;-Inf;-68;Inf;0.0;4.0;Inf;-66;4.0;fair;Null;-0.13;0.10;NaN
2008.182;BFO;SKKS;12.1;196.43;109.46;19.00;-58.22;-22.10;SOUTH SANDWICH ISLANDS R;0.010;0.10;64;0.3;-Inf;40;Inf;0.0;0.5;Inf;86;0.5;fair;Null;0.11;0.05;NaN
2009.106;BFO;SKS;6.9;198.02;112.22;20.00;-60.20;-26.86;SOUTH SANDWICH ISLANDS R;0.010;0.10;68;0.7;23;26;52;0.8;3.2;4.0;40;1.2;good;Null;0.62;0.08;NaN
2009.106;BFO;SKKS;11.9;198.02;112.22;20.00;-60.20;-26.86;SOUTH SANDWICH ISLANDS R;0.010;0.10;68;0.3;21;22;33;1.0;4.0;4.0;26;2.5;good;Null;0.50;0.08;NaN
2004.255;BFO;SKS;7.2;198.21;109.88;63.90;-57.98;-25.34;SOUTH SANDWICH ISLANDS R;0.010;0.10;64;0.6;19;-88;-74;0.1;1.0;4.0;-80;1.8;fair;Null;0.27;0.09;NaN
2004.300;BFO;SKS;7.3;198.24;108.90;10.00;-57.07;-24.68;SOUTH SANDWICH ISLANDS R;0.010;0.15;62;0.2;-Inf;-76;Inf;0.0;3.2;Inf;-74;4.0;good;Null;0.07;0.06;NaN
2002.351;BFO;SKS;7.3;198.37;108.82;10.00;-56.95;-24.83;SOUTH SANDWICH ISLANDS R;0.050;0.13;63;0.4;-Inf;80;Inf;0.0;0.4;Inf;-70;4.0;fair;Null;0.14;0.08;NaN
2002.352;BFO;SKS;7.3;198.39;108.98;10.00;-57.09;-24.98;SOUTH SANDWICH ISLANDS R;0.010;0.10;61;0.4;25;-78;-74;0.1;3.0;4.0;-76;3.6;fair;Null;-0.32;0.17;NaN
1991.361;BFO;SKS;7.4;199.01;108.09;33.00;-56.04;-25.33;SOUTH SANDWICH ISLANDS;0.010;0.10;70;0.5;23;27;50;0.6;2.8;4.0;23;4.0;fair;Null;0.46;0.05;NaN
2010.342;BFO;SKS;7.4;199.08;108.52;29.40;-56.41;-25.74;SOUTH SANDWICH ISLANDS R;0.010;0.10;68;0.1;-Inf;-69;Inf;0.0;4.0;Inf;-67;3.9;good;Null;-0.01;0.06;NaN
2017.130;BFO;SKS;7.4;199.13;108.18;15.00;-56.42;-25.75;SOUTH SANDWICH ISLANDS R;0.020;0.15;67;0.1;17;21;29;0.8;4.0;4.0;23;3.1;fair;Null;0.74;0.12;NaN
1992.326;BFO;SKS;7.3;199.41;108.92;33.00;-56.66;-26.55;SOUTH SANDWICH ISLANDS;0.010;0.10;-23;0.0;-Inf;-69;Inf;0.0;4.0;Inf;-67;0.7;good;Null;-0.06;0.05;NaN
1999.291;BFO;SKS;7.4;199.65;108.44;33.00;-56.12;-26.58;SOUTH SANDWICH ISLANDS R;0.010;0.10;64;0.2;-Inf;-72;Inf;0.0;4.0;Inf;-72;4.0;fair;Null;-0.01;0.07;NaN
2011.246;BFO;SKS;7.3;199.66;108.80;84.00;-56.45;-26.85;SOUTH SANDWICH ISLANDS R;0.010;0.15;66;0.6;23;30;58;0.5;2.0;3.7;30;2.0;fair;Null;0.51;0.07;NaN
2011.065;BFO;SKS;7.3;199.78;108.82;87.70;-56.42;-27.06;SOUTH SANDWICH ISLANDS R;0.020;0.25;67;0.2;21;26;29;1.5;2.9;4.0;24;3.2;good;Null;-0.09;0.07;NaN
2005.163;BFO;SKS;7.3;199.85;108.70;94.10;-56.29;-27.08;SOUTH SANDWICH ISLANDS R;0.010;0.15;67;0.3;19;24;68;0.2;3.3;4.0;22;3.8;good;Null;0.26;0.09;NaN
2016.110;BFO;SKS;7.4;200.21;108.13;10.60;-55.62;-27.23;SOUTH SANDWICH ISLANDS R;0.050;0.12;67;0.3;23;24;-88;0.2;3.1;4.0;22;3.8;fair;Null;-0.26;0.11;NaN
2014.180;BFO;SKS;7.4;200.92;108.31;16.50;-55.51;-28.45;SOUTH SANDWICH ISLANDS R;0.040;0.15;68;0.4;23;29;-74;0.1;1.3;4.0;-67;4.0;fair;Null;0.40;0.06;NaN
1995.230;BFO;SKS;7.3;200.99;108.77;36.00;-55.90;-28.90;SOUTH SANDWICH ISLANDS R;0.010;0.10;69;0.2;-Inf;25;Inf;0.0;1.4;Inf;-69;1.4;good;Null;0.28;0.04;NaN
2007.059;BFO;SKS;7.4;201.42;108.23;10.00;-55.24;-29.14;SOUTH SANDWICH ISLANDS R;0.040;0.10;76;0.7;25;31;37;2.3;4.0;4.0;31;4.0;fair;Null;0.32;0.13;NaN
2000.312;BFO;SKS;7.4;201.64;108.76;10.00;-55.63;-29.88;SOUTH SANDWICH ISLANDS R;0.010;0.10;69;0.4;21;28;-76;0.1;2.2;4.0;42;0.7;good;Null;0.50;0.05;NaN
2002.319;BFO;SKS;7.1;204.87;110.85;10.00;-56.05;-36.40;SOUTH GEORGIA ISLAND REG;0.010;0.10;69;0.2;-Inf;-71;Inf;0.0;2.1;Inf;-71;2.0;fair;Null;0.45;0.09;NaN
2002.319;BFO;SKKS;12.0;204.87;110.85;10.00;-56.05;-36.40;SOUTH GEORGIA ISLAND REG;0.010;0.10;73;1.0;29;35;58;1.1;3.6;4.0;35;3.6;fair;Null;0.56;0.07;NaN
2000.234;BFO;SKS;7.0;211.62;111.31;10.00;-53.02;-45.97;SOUTH ATLANTIC OCEAN;0.010;0.10;79;0.3;-Inf;36;Inf;0.0;4.0;Inf;-56;4.0;fair;Null;-0.12;0.04;NaN
2000.234;BFO;SKKS;12.0;211.62;111.31;10.00;-53.02;-45.97;SOUTH ATLANTIC OCEAN;0.067;0.20;-7;0.2;33;36;39;3.3;4.0;4.0;36;4.0;fair;Null;-0.34;0.09;NaN
1993.270;BFO;SKS;6.7;214.07;113.81;33.00;-53.65;-51.52;SOUTH ATLANTIC OCEAN;0.010;0.15;81;0.6;37;46;-64;0.3;1.7;4.0;50;1.3;fair;Null;0.34;0.07;NaN
2012.105;BFO;SKS;5.8;217.26;122.08;15.00;-57.68;-65.31;DRAKE PASSAGE;0.010;0.10;80;0.2;-64;-57;-58;1.4;3.4;4.0;-53;4.0;good;Null;0.06;0.06;NaN
2012.139;BFO;SKKS;11.4;235.77;120.93;10.00;-44.81;-80.16;OFF COAST OF SOUTHERN CH;0.050;0.13;16;0.2;-33;-30;-31;2.0;3.3;4.0;-30;3.3;good;Null;-0.20;0.05;NaN
1999.234;BFO;SKKS;11.7;236.47;115.11;33.00;-40.51;-74.76;OFF COAST OF SOUTHERN CH;0.010;0.10;-74;0.4;60;62;70;1.4;4.0;4.0;60;4.0;fair;Null;0.20;0.07;NaN
2011.002;BFO;SKS;6.8;237.33;112.85;24.00;-38.37;-73.35;NEAR COAST OF CENTRAL CH;0.010;0.10;-82;0.3;58;-37;-35;0.0;4.0;4.0;57;2.2;good;Null;-0.13;0.05;NaN
2015.033;BFO;SKS;7.8;237.54;105.23;172.30;-32.72;-67.06;MENDOZA PROVINCE, ARGENT;0.030;0.13;20;0.1;60;62;64;2.6;4.0;4.0;64;1.8;good;Null;-0.27;0.07;NaN
2000.114;BFO;SKS;8.4;237.69;99.63;609.80;-28.38;-62.94;SANTIAGO DEL ESTERO PROV;0.010;0.10;16;0.1;-Inf;60;Inf;0.0;4.0;Inf;60;1.0;good;Null;-0.05;0.05;NaN
1994.130;BFO;SKS;8.4;237.69;99.79;605.00;-28.50;-63.06;SANTIAGO DEL ESTERO PROV;0.067;0.20;14;0.1;-Inf;-30;Inf;0.0;0.5;Inf;64;3.6;fair;Null;0.02;0.03;NaN
2000.114;BFO;SKS;8.4;237.77;99.60;608.50;-28.31;-62.99;SANTIAGO DEL ESTERO PROV;0.020;0.25;16;0.1;-Inf;-30;Inf;0.0;2.5;Inf;60;2.5;good;Null;0.05;0.04;NaN
2000.114;BFO;SKKS;12.5;237.77;99.60;608.50;-28.31;-62.99;SANTIAGO DEL ESTERO PROV;0.010;0.15;11;0.2;50;56;60;1.4;3.2;4.0;66;3.8;fair;Null;-0.18;0.08;NaN
2004.124;BFO;SKS;6.9;237.89;112.40;21.00;-37.69;-73.41;NEAR COAST OF CENTRAL CH;0.010;0.10;-80;0.1;-Inf;-34;Inf;0.0;4.0;Inf;56;3.3;good;Null;-0.12;0.05;NaN
2004.124;BFO;SKKS;11.9;237.89;112.40;21.00;-37.69;-73.41;NEAR COAST OF CENTRAL CH;0.010;0.15;15;0.1;-Inf;54;Inf;0.0;2.1;Inf;58;3.4;fair;Null;-0.03;0.06;NaN
1994.119;BFO;SKS;8.4;237.90;99.70;573.00;-28.30;-63.17;SANTIAGO DEL ESTERO PROV;0.010;0.10;-70;0.1;-Inf;62;Inf;0.0;4.0;Inf;66;4.0;fair;Null;-0.26;0.08;NaN
1994.119;BFO;SKS;8.4;237.90;99.70;573.00;-28.30;-63.17;SANTIAGO DEL ESTERO PROV;0.020;0.30;13;0.0;-Inf;56;Inf;0.0;3.1;Inf;62;3.1;fair;Null;0.12;0.07;NaN
2012.149;BFO;SKS;8.5;238.01;99.45;586.90;-28.04;-63.09;SANTIAGO DEL ESTERO PROV;0.040;0.15;11;0.0;-Inf;56;Inf;0.0;3.7;Inf;60;4.0;fair;Null;0.07;0.05;NaN
2004.241;BFO;SKS;7.4;238.10;108.73;1.00;-34.93;-70.39;CHILE-ARGENTINA BORDER R;0.010;0.10;-78;0.1;-Inf;60;Inf;0.0;1.6;Inf;58;4.0;good;Null;0.13;0.03;NaN
2004.241;BFO;SKKS;12.1;238.10;108.73;1.00;-34.93;-70.39;CHILE-ARGENTINA BORDER R;0.010;0.15;-73;0.1;-Inf;62;Inf;0.0;1.6;Inf;-28;4.0;good;Null;0.19;0.05;NaN
2011.152;BFO;SKS;6.9;238.15;112.48;21.00;-37.58;-73.69;NEAR COAST OF CENTRAL CH;0.010;0.10;16;0.1;-Inf;-30;Inf;0.0;4.0;Inf;-28;3.2;good;Null;-0.01;0.05;NaN
2006.260;BFO;SKS;7.9;238.29;104.57;141.80;-31.75;-67.18;SAN JUAN PROVINCE, ARGEN;0.010;0.10;-69;0.4;62;64;72;1.5;4.0;4.0;66;4.0;fair;Null;-0.06;0.10;NaN
2011.042;BFO;SKS;7.0;238.65;111.38;27.60;-36.47;-73.12;NEAR COAST OF CENTRAL CH;0.010;0.08;15;0.1;-Inf;-29;Inf;0.0;4.0;Inf;-29;4.0;good;Null;-0.14;0.05;NaN
2000.168;BFO;SKKS;12.1;238.67;107.80;120.20;-33.88;-70.09;CHILE-ARGENTINA BORDER R;0.010;0.15;12;0.2;-Inf;55;Inf;0.0;2.0;Inf;63;4.0;fair;Null;-0.07;0.05;NaN
2000.168;BFO;SKS;7.4;238.67;107.80;120.20;-33.88;-70.09;CHILE-ARGENTINA BORDER R;0.010;0.15;17;0.2;-Inf;-25;Inf;0.0;1.3;Inf;35;0.3;fair;Null;-0.23;0.03;NaN
2010.058;BFO;SKKS;12.0;238.86;110.71;44.80;-35.85;-72.71;NEAR COAST OF CENTRAL CH;0.055;0.18;-71;0.2;60;61;66;1.9;3.3;4.0;63;3.1;fair;Null;0.22;0.10;NaN
2008.247;BFO;SKS;8.6;238.94;98.52;569.60;-26.74;-63.22;SANTIAGO DEL ESTERO PROV;0.020;0.25;10;0.2;41;51;58;0.6;1.8;3.4;55;2.1;fair;Null;-0.08;0.09;NaN
1994.231;BFO;SKS;8.6;239.11;98.55;565.00;-26.65;-63.38;SANTIAGO DEL ESTERO PROV;0.010;0.10;-71;0.2;-Inf;63;Inf;0.0;4.0;Inf;-27;4.0;fair;Null;-0.18;0.07;NaN
2015.171;BFO;SKS;7.0;239.18;111.68;10.00;-36.33;-73.82;NEAR COAST OF CENTRAL CH;0.010;0.10;20;0.1;-33;-27;-25;1.5;4.0;4.0;-25;4.0;good;Null;-0.05;0.07;NaN
2006.317;BFO;SKS;8.7;239.39;97.98;551.80;-26.04;-63.22;SANTIAGO DEL ESTERO PROV;0.010;0.12;19;0.1;-Inf;-29;Inf;0.0;4.0;Inf;59;0.8;fair;Null;-0.09;0.07;NaN
2016.325;BFO;SKS;7.8;239.40;105.09;108.00;-31.63;-68.64;SAN JUAN PROVINCE, ARGEN;0.020;0.15;16;0.1;-Inf;57;Inf;0.0;2.2;Inf;61;3.0;fair;Null;0.11;0.07;NaN
1992.139;BFO;SKS;7.4;240.10;108.71;28.00;-33.61;-72.03;OFF CENTRAL CHILE COAST;0.010;0.10;17;0.2;-27;2;60;0.1;0.3;3.5;40;0.4;good;Null;-0.35;0.02;NaN
2005.080;BFO;SKS;8.8;240.25;97.31;579.10;-24.98;-63.47;SALTA PROVINCE, ARGENTIN;0.010;0.15;14;0.1;-Inf;56;Inf;0.0;2.4;Inf;58;3.0;good;Null;-0.02;0.05;NaN
2012.108;BFO;SKKS;12.2;240.39;107.61;29.00;-32.62;-71.36;NEAR COAST OF CENTRAL CH;0.060;0.15;11;0.0;-37;-32;-31;0.2;3.2;4.0;-32;3.2;good;Null;-0.03;0.06;NaN
1998.210;BFO;SKS;7.5;240.57;107.34;51.10;-32.31;-71.29;NEAR COAST OF CENTRAL CH;0.010;0.15;15;0.3;-25;57;62;0.1;2.8;4.0;59;3.3;fair;Null;-0.35;0.06;NaN
2015.262;BFO;SKS;7.5;241.07;107.82;10.60;-32.33;-72.09;OFF COAST OF CENTRAL CHI;0.060;0.15;-77;0.1;-Inf;59;Inf;0.0;3.3;Inf;59;1.2;fair;Null;0.09;0.04;NaN
2015.261;BFO;SKS;7.4;241.10;107.96;8.60;-32.41;-72.24;OFF COAST OF CENTRAL CHI;0.010;0.17;10;0.2;54;57;60;2.4;4.0;4.0;55;4.0;fair;Null;-0.09;0.11;NaN
1992.309;BFO;SKS;7.6;241.22;107.00;37.00;-31.63;-71.55;NEAR CENTRAL CHILE COAST;0.010;0.10;10;0.4;54;57;60;2.1;4.0;4.0;57;4.0;fair;Null;-0.19;0.04;NaN
2015.260;BFO;SKS;7.6;241.39;107.02;30.10;-31.54;-71.71;NEAR COAST OF CENTRAL CH;0.067;0.20;14;0.1;54;59;60;0.7;2.6;4.0;57;1.7;good;Null;-0.16;0.06;NaN
2001.099;BFO;SKS;7.4;241.47;108.66;11.00;-32.67;-73.11;OFF COAST OF CENTRAL CHI;0.010;0.10;-71;0.2;-Inf;65;Inf;0.0;4.0;Inf;65;4.0;fair;Null;-0.04;0.06;NaN
1997.288;BFO;SKS;7.6;241.50;106.29;58.00;-30.93;-71.22;NEAR COAST OF CENTRAL CH;0.010;0.15;18;0.2;-Inf;-26;Inf;0.0;2.3;Inf;-24;1.4;good;Null;-0.10;0.04;NaN
1997.288;BFO;SKKS;12.2;241.50;106.29;58.00;-30.93;-71.22;NEAR COAST OF CENTRAL CH;0.067;0.20;15;0.1;-Inf;62;Inf;0.0;2.6;Inf;72;4.0;fair;Null;-0.03;0.06;NaN
2002.169;BFO;SKS;7.7;241.52;106.14;54.00;-30.81;-71.12;NEAR COAST OF CENTRAL CH;0.010;0.15;15;0.3;-25;56;62;0.1;1.9;4.0;56;1.9;fair;Null;-0.24;0.05;NaN
1998.012;BFO;SKS;7.6;241.59;106.45;34.80;-30.99;-71.41;NEAR COAST OF CENTRAL CH;0.010;0.10;22;0.3;-31;-24;56;0.1;4.0;4.0;50;0.6;good;Null;-0.38;0.04;NaN
1992.333;BFO;SKS;7.5;241.64;107.06;39.00;-31.40;-71.94;NEAR CENTRAL CHILE COAST;0.010;0.10;18;0.1;-Inf;-24;Inf;0.0;0.8;Inf;60;1.0;fair;Null;-0.28;0.04;NaN
2018.100;BFO;SKKS;12.2;241.76;106.32;76.10;-30.99;-71.56;NEAR COAST OF CENTRAL CH;0.020;0.15;19;0.1;-Inf;-12;Inf;0.0;0.2;Inf;62;1.8;fair;Null;-0.04;0.05;NaN
2003.171;BFO;SKS;7.7;242.01;106.30;33.00;-30.61;-71.64;NEAR COAST OF CENTRAL CH;0.010;0.10;22;0.3;-27;-22;-21;2.5;4.0;4.0;-22;4.0;good;Null;-0.24;0.04;NaN
1997.208;BFO;SKKS;12.2;242.22;106.37;33.00;-30.52;-71.86;NEAR COAST OF CENTRAL CH;0.010;0.10;19;0.4;-Inf;-22;Inf;0.0;1.9;Inf;-24;2.6;fair;Null;-0.25;0.08;NaN
2002.091;BFO;SKKS;12.3;242.50;105.46;71.00;-29.67;-71.38;NEAR COAST OF CENTRAL CH;0.010;0.15;-74;0.1;-Inf;-31;Inf;0.0;1.7;Inf;-31;1.7;good;Null;0.08;0.05;NaN
1997.187;BFO;SKS;7.7;242.55;106.04;19.00;-30.06;-71.87;NEAR COAST OF CENTRAL CH;0.010;0.10;20;0.2;-29;-23;64;0.0;3.0;4.0;-23;3.0;good;Null;-0.16;0.08;NaN
2018.092;BFO;SKS;9.4;242.75;93.51;562.40;-20.65;-63.02;SOUTHERN BOLIVIA;0.050;0.20;25;0.1;-25;-23;-23;2.6;3.4;4.0;-23;3.4;good;Null;-0.04;0.06;NaN
2019.165;BFO;SKS;7.7;242.76;105.94;10.10;-30.05;-72.08;OFF COAST OF CENTRAL CHI;0.020;0.15;19;0.4;-27;-19;56;0.2;1.6;4.0;-21;2.0;fair;Null;-0.41;0.04;NaN
2006.105;BFO;SKS;7.7;242.84;105.90;19.80;-29.77;-72.00;OFF COAST OF CENTRAL CHI;0.010;0.15;-71;0.2;-Inf;73;Inf;0.0;1.0;Inf;67;4.0;fair;Null;0.20;0.09;NaN
1995.305;BFO;SKS;7.8;243.08;105.01;20.00;-28.96;-71.50;NEAR COAST OF CENTRAL CH;0.010;0.10;20;0.3;-Inf;-23;Inf;0.0;4.0;Inf;-23;4.0;fair;Null;-0.08;0.04;NaN
2006.237;BFO;SKS;8.7;243.12;98.96;184.30;-24.41;-67.03;CHILE-ARGENTINA BORDER R;0.067;0.20;21;0.1;-Inf;-25;Inf;0.0;3.0;Inf;71;3.8;good;Null;-0.02;0.04;NaN
2005.153;BFO;SKS;8.7;243.22;98.80;196.20;-24.22;-67.00;CHILE-ARGENTINA BORDER R;0.050;0.15;20;0.1;-Inf;59;Inf;0.0;0.9;Inf;63;1.9;fair;Null;-0.05;0.06;NaN
2000.133;BFO;SKS;8.8;243.27;97.96;225.00;-23.55;-66.45;JUJUY PROVINCE, ARGENTIN;0.010;0.15;18;0.1;-Inf;-23;Inf;0.0;0.8;Inf;-25;1.3;good;Null;-0.28;0.03;NaN
2017.049;BFO;SKS;8.8;243.29;98.13;222.00;-23.86;-66.66;JUJUY PROVINCE, ARGENTIN;0.020;0.15;18;0.1;-Inf;61;Inf;0.0;1.7;Inf;61;1.7;good;Null;-0.16;0.05;NaN
2011.341;BFO;SKS;8.0;243.43;103.88;20.00;-27.90;-70.92;NEAR COAST OF NORTHERN C;0.010;0.08;24;0.2;-Inf;-21;Inf;0.0;4.0;Inf;-21;4.0;fair;Null;-0.15;0.07;NaN
1993.144;BFO;SKS;8.8;243.62;97.82;238.00;-23.22;-66.64;JUJUY PROV., ARGENTINA;0.067;0.20;21;0.2;-29;-22;17;0.1;2.0;4.0;68;3.3;fair;Null;-0.06;0.05;NaN
2015.042;BFO;SKS;8.8;243.66;97.72;190.80;-23.12;-66.60;JUJUY PROVINCE, ARGENTIN;0.067;0.20;18;0.1;60;62;62;0.7;1.8;2.6;64;2.4;good;Null;-0.14;0.03;NaN
2007.202;BFO;SKS;9.0;243.71;96.49;289.50;-22.15;-65.78;JUJUY PROVINCE, ARGENTIN;0.020;0.25;-70;0.1;-Inf;-24;Inf;0.0;4.0;Inf;-26;4.0;good;Null;0.15;0.04;NaN
1993.292;BFO;SKS;9.0;243.71;96.81;278.00;-22.39;-66.00;JUJUY PROVINCE, ARGENTIN;0.010;0.10;20;0.2;-Inf;6;Inf;0.0;0.3;Inf;58;1.1;good;Null;-0.11;0.07;NaN
2016.217;BFO;SKS;9.0;243.75;96.76;254.00;-22.33;-66.00;JUJUY PROVINCE, ARGENTIN;0.050;0.17;21;0.0;-Inf;-24;Inf;0.0;4.0;Inf;-26;4.0;fair;Null;0.08;0.04;NaN
1997.023;BFO;SKS;9.1;243.76;96.34;276.00;-22.00;-65.72;SOUTHERN BOLIVIA;0.010;0.10;20;0.1;-Inf;-24;Inf;0.0;4.0;Inf;-24;4.0;good;Null;-0.18;0.05;NaN
2007.322;BFO;SKS;8.9;243.78;97.19;246.40;-22.64;-66.32;JUJUY PROVINCE, ARGENTIN;0.010;0.10;21;0.1;-29;-24;56;0.1;4.0;4.0;-24;4.0;good;Null;-0.07;0.04;NaN
2009.318;BFO;SKS;8.8;243.79;97.63;220.40;-22.97;-66.64;JUJUY PROVINCE, ARGENTIN;0.010;0.10;19;0.2;-Inf;-6;Inf;0.0;0.3;Inf;12;0.2;good;Null;-0.22;0.06;NaN
2006.197;BFO;SKS;7.8;243.94;105.45;10.00;-28.72;-72.54;OFF COAST OF CENTRAL CHI;0.010;0.15;-71;0.1;-Inf;-28;Inf;0.0;1.2;Inf;-26;2.9;good;Null;0.06;0.03;NaN
2006.197;BFO;SKKS;12.3;243.94;105.45;10.00;-28.72;-72.54;OFF COAST OF CENTRAL CHI;0.040;0.18;-74;0.1;-Inf;-28;Inf;0.0;3.1;Inf;-30;1.9;good;Null;0.17;0.05;NaN
2006.120;BFO;SKS;8.0;244.00;103.46;12.00;-27.21;-71.06;NEAR COAST OF NORTHERN C;0.010;0.15;24;0.3;-27;-22;54;0.2;4.0;4.0;58;0.8;fair;Null;-0.38;0.04;NaN
2006.120;BFO;SKS;8.1;244.07;103.25;26.70;-27.01;-70.96;NEAR COAST OF NORTHERN C;0.020;0.25;24;0.2;-25;-22;-17;0.7;4.0;4.0;66;2.6;good;Null;0.07;0.04;NaN
1993.074;BFO;SKS;8.1;244.19;103.06;33.00;-26.79;-70.91;NR NORTHERN CHILE COAST;0.010;0.10;22;0.2;-25;-22;58;0.1;2.7;4.0;-16;1.0;fair;Null;-0.23;0.03;NaN
2017.105;BFO;SKS;8.8;244.45;98.35;155.00;-23.27;-67.77;CHILE-ARGENTINA BORDER R;0.020;0.15;22;0.2;-Inf;-18;Inf;0.0;1.0;Inf;56;0.8;fair;Null;-0.12;0.05;NaN
2016.207;BFO;SKS;8.2;244.48;102.39;68.50;-26.11;-70.65;NEAR COAST OF NORTHERN C;0.067;0.18;24;0.2;-25;-22;-19;1.1;3.0;4.0;78;3.8;good;Null;-0.02;0.08;NaN
2016.207;BFO;SKKS;12.4;244.48;102.39;68.50;-26.11;-70.65;NEAR COAST OF NORTHERN C;0.067;0.18;21;0.0;68;66;68;1.1;2.0;2.7;-20;4.0;good;Null;-0.08;0.04;NaN
2005.321;BFO;SKS;8.8;245.10;97.89;162.60;-22.32;-67.89;CHILE-BOLIVIA BORDER REG;0.067;0.20;23;0.1;-Inf;-23;Inf;0.0;3.2;Inf;71;3.6;fair;Null;0.02;0.06;NaN
2010.193;BFO;SKS;8.8;245.43;97.94;115.00;-22.15;-68.20;NORTHERN CHILE;0.010;0.15;22;0.1;-27;-23;-23;1.0;4.0;4.0;-23;4.0;good;Null;0.04;0.03;NaN
2010.063;BFO;SKS;8.8;245.47;98.08;114.00;-22.23;-68.33;NORTHERN CHILE;0.020;0.17;-69;0.1;-Inf;65;Inf;0.0;3.4;Inf;65;3.6;good;Null;-0.01;0.04;NaN
2000.334;BFO;SKKS;12.4;245.49;101.62;58.20;-24.87;-70.89;NEAR COAST OF NORTHERN C;0.050;0.13;23;0.4;-25;-15;54;0.2;1.2;3.0;-11;0.9;fair;Null;-0.23;0.04;NaN
1996.110;BFO;SKS;8.5;245.56;100.44;50.00;-23.94;-70.09;NEAR COAST OF NORTHERN C;0.010;0.10;17;0.6;23;58;64;0.6;2.6;4.0;56;2.3;fair;Null;-0.71;0.08;NaN
1999.258;BFO;SKS;9.1;245.57;96.46;218.00;-20.93;-67.28;SOUTHERN BOLIVIA;0.010;0.15;24;0.2;-Inf;-20;Inf;0.0;2.4;Inf;10;0.3;fair;Null;-0.21;0.04;NaN
2001.180;BFO;SKS;9.3;245.75;94.76;273.90;-19.52;-66.25;SOUTHERN BOLIVIA;0.010;0.10;23;0.1;-Inf;-22;Inf;0.0;4.0;Inf;-22;4.0;good;Null;-0.04;0.04;NaN
2011.171;BFO;SKS;8.9;245.75;97.62;128.00;-21.70;-68.23;CHILE-BOLIVIA BORDER REG;0.067;0.20;23;0.1;-25;-22;-17;0.4;2.6;4.0;-24;3.3;good;Null;-0.11;0.03;NaN
2002.087;BFO;SKS;8.9;245.84;97.65;125.10;-21.66;-68.33;CHILE-BOLIVIA BORDER REG;0.010;0.10;-70;0.1;-Inf;-26;Inf;0.0;2.3;Inf;-42;0.2;good;Null;-0.14;0.06;NaN
2008.047;BFO;SKS;8.9;246.09;97.45;130.10;-21.35;-68.39;CHILE-BOLIVIA BORDER REG;0.010;0.10;24;0.2;-Inf;-20;Inf;0.0;2.8;Inf;-18;1.8;good;Null;-0.49;0.05;NaN
2007.347;BFO;SKS;8.5;246.38;100.16;19.00;-23.20;-70.55;NEAR COAST OF NORTHERN C;0.010;0.15;22;0.1;-Inf;66;Inf;0.0;2.1;Inf;68;2.3;fair;Null;0.00;0.09;NaN
2007.318;BFO;SKKS;12.6;246.56;99.05;40.00;-22.25;-69.89;NORTHERN CHILE;0.040;0.25;28;0.2;-Inf;-19;Inf;0.0;4.0;Inf;73;2.9;fair;Null;-0.17;0.05;NaN
2001.185;BFO;SKS;9.8;246.97;92.50;33.00;-17.00;-65.71;BOLIVIA;0.010;0.10;25;0.2;-Inf;-19;Inf;0.0;2.4;Inf;-15;1.1;good;Null;-0.36;0.04;NaN
2008.084;BFO;SKS;9.0;247.36;96.81;120.00;-20.04;-68.96;CHILE-BOLIVIA BORDER REG;0.040;0.13;31;0.3;-23;-17;-9;0.7;4.0;4.0;75;3.0;fair;Null;0.04;0.08;NaN
2011.326;BFO;SKS;9.8;247.56;90.86;549.90;-15.36;-65.09;CENTRAL BOLIVIA;0.010;0.15;24;0.2;-Inf;-18;Inf;0.0;1.1;Inf;70;3.3;good;Null;-0.04;0.05;NaN
2005.164;BFO;SKS;9.0;247.57;96.92;115.60;-19.99;-69.20;NORTHERN CHILE;0.067;0.20;26;0.1;-Inf;70;Inf;0.0;4.0;Inf;-18;4.0;good;Null;-0.01;0.04;NaN
2001.205;BFO;SKS;9.1;247.96;96.54;33.00;-19.45;-69.25;NORTHERN CHILE;0.010;0.15;23;0.1;-Inf;64;Inf;0.0;0.9;Inf;38;0.1;good;Null;-0.06;0.04;NaN
2018.305;BFO;SKS;9.1;247.98;96.46;91.00;-19.53;-69.28;NORTHERN CHILE;0.020;0.15;24;0.0;-Inf;66;Inf;0.0;0.4;Inf;-20;4.0;good;Null;0.05;0.05;NaN
2008.035;BFO;SKS;8.9;248.05;97.57;43.50;-20.17;-70.04;NEAR COAST OF NORTHERN C;0.010;0.10;28;0.1;-23;-18;-17;1.8;4.0;4.0;-16;3.9;good;Null;-0.17;0.08;NaN
2008.035;BFO;SKKS;12.6;248.05;97.57;43.50;-20.17;-70.04;NEAR COAST OF NORTHERN C;0.010;0.10;28;0.1;-23;-18;-17;1.8;4.0;4.0;-16;3.8;good;Null;-0.21;0.08;NaN
1999.334;BFO;SKS;9.1;248.26;96.08;128.10;-18.90;-69.17;NORTHERN CHILE;0.010;0.10;24;0.1;-Inf;-20;Inf;0.0;2.8;Inf;-20;2.7;good;Null;-0.27;0.03;NaN
2015.082;BFO;SKS;9.2;248.59;95.67;120.90;-18.38;-69.15;NORTHERN CHILE;0.050;0.15;28;0.2;-21;-17;-15;1.0;2.8;4.0;75;4.0;good;Null;-0.01;0.05;NaN
2014.075;BFO;SKS;8.9;248.63;97.75;20.00;-19.92;-70.63;NEAR COAST OF NORTHERN C;0.060;0.15;30;0.3;-21;-17;19;0.3;3.4;4.0;75;3.2;fair;Null;-0.26;0.06;NaN
2009.107;BFO;SKKS;12.6;248.75;97.40;25.00;-19.58;-70.48;NEAR COAST OF NORTHERN C;0.030;0.15;25;0.1;-Inf;-19;Inf;0.0;2.4;Inf;73;4.0;fair;Null;-0.09;0.06;NaN
2009.317;BFO;SKKS;12.7;248.76;97.16;27.00;-19.39;-70.32;NEAR COAST OF NORTHERN C;0.010;0.15;27;0.2;-Inf;-17;Inf;0.0;4.0;Inf;-17;4.0;fair;Null;0.09;0.06;NaN
2011.065;BFO;SKS;9.2;248.95;95.53;118.00;-18.04;-69.34;NORTHERN CHILE;0.040;0.15;29;0.2;-Inf;-19;Inf;0.0;4.0;Inf;73;3.0;good;Null;-0.14;0.05;NaN
2017.283;BFO;SKS;9.2;248.95;96.03;85.00;-18.57;-69.75;NORTHERN CHILE;0.020;0.15;26;0.2;-Inf;-19;Inf;0.0;2.0;Inf;1;0.2;good;Null;-0.09;0.06;NaN
2012.135;BFO;SKS;9.3;249.38;95.37;105.70;-17.64;-69.57;PERU-BOLIVIA BORDER REGI;0.050;0.10;32;0.2;-21;-17;-11;1.0;4.0;4.0;7;0.4;fair;Null;-0.23;0.05;NaN
1994.346;BFO;SKS;9.3;249.53;95.31;151.00;-17.50;-69.65;PERU-BOLIVIA BORDER REGI;0.010;0.10;29;0.3;-23;-16;62;0.1;3.3;4.0;-8;1.1;good;Null;-0.34;0.07;NaN
2010.126;BFO;SKKS;12.7;249.81;96.30;37.00;-18.06;-70.55;NEAR COAST OF NORTHERN C;0.010;0.15;32;0.4;-19;-12;1;0.7;2.5;4.0;-10;2.1;fair;Null;-0.35;0.06;NaN
1994.160;BFO;SKS;9.7;250.38;91.21;637.00;-13.83;-67.56;NORTHERN BOLIVIA;0.067;0.20;32;0.2;-17;-14;-11;1.8;2.7;3.3;-14;2.7;fair;Null;-0.15;0.08;NaN
1997.332;BFO;SKS;9.6;251.35;91.92;586.00;-13.74;-68.79;PERU-BOLIVIA BORDER REGI;0.010;0.10;28;0.2;-Inf;-15;Inf;0.0;3.2;Inf;-17;3.9;good;Null;-0.09;0.08;NaN
1998.281;BFO;SKS;9.3;251.71;95.37;136.20;-16.12;-71.40;SOUTHERN PERU;0.010;0.10;28;0.2;-21;-14;70;0.0;2.2;4.0;-14;2.2;good;Null;-0.22;0.03;NaN
2019.060;BFO;SKS;9.5;251.77;93.35;257.40;-14.68;-70.13;CENTRAL PERU;0.050;0.20;29;0.1;-Inf;-16;Inf;0.0;4.0;Inf;-16;4.0;fair;Null;0.09;0.06;NaN
2008.190;BFO;SKS;9.2;252.05;95.49;123.00;-15.99;-71.75;SOUTHERN PERU;0.010;0.15;32;0.2;-19;-14;72;0.0;3.5;4.0;-10;1.9;good;Null;-0.32;0.06;NaN
1994.010;BFO;SKS;9.6;252.07;91.97;589.00;-13.31;-69.39;PERU-BOLIVIA BORDER REGI;0.010;0.10;27;0.4;-Inf;4;Inf;0.0;0.6;Inf;-6;1.0;fair;Null;-0.39;0.05;NaN
1999.093;BFO;SKS;9.1;252.26;96.57;87.20;-16.66;-72.66;NEAR COAST OF PERU;0.010;0.10;27;0.1;-Inf;-16;Inf;0.0;1.9;Inf;-18;4.0;good;Null;-0.10;0.02;NaN
2005.191;BFO;SKS;5.4;253.37;125.90;10.00;-36.31;-97.26;WEST CHILE RISE;0.010;0.10;-61;0.1;-Inf;75;Inf;0.0;0.4;Inf;75;0.4;fair;Null;-0.06;0.06;NaN
1999.344;BFO;SKS;5.4;253.50;125.87;10.00;-36.21;-97.32;WEST CHILE RISE;0.010;0.12;27;0.4;-13;65;72;0.2;1.2;3.1;67;1.4;fair;Null;-0.51;0.10;NaN
2001.186;BFO;SKS;9.0;253.60;96.99;62.00;-16.09;-73.99;NEAR COAST OF PERU;0.010;0.10;29;0.1;-Inf;-14;Inf;0.0;2.8;Inf;-16;4.0;fair;Null;-0.08;0.05;NaN
2018.014;BFO;SKS;9.0;254.38;97.08;39.00;-15.77;-74.71;NEAR COAST OF PERU;0.020;0.15;32;0.2;-15;-12;-9;2.0;4.0;4.0;-12;4.0;good;Null;0.00;0.05;NaN
2018.236;BFO;SKS;9.8;254.65;91.05;609.50;-11.04;-70.82;PERU-BRAZIL BORDER REGIO;0.020;0.15;30;0.2;-17;-9;72;0.0;0.7;2.8;-9;0.7;good;Null;-0.21;0.04;NaN
1998.010;BFO;SKS;9.7;254.89;92.71;33.00;-12.03;-72.07;PERU;0.010;0.15;35;0.1;-17;-11;-11;1.2;3.7;4.0;-11;3.7;good;Null;0.12;0.04;NaN
2015.328;BFO;SKS;9.8;254.99;90.84;600.60;-10.55;-70.90;PERU-BRAZIL BORDER REGIO;0.060;0.19;-60;0.2;-Inf;75;Inf;0.0;4.0;Inf;-17;1.8;fair;Null;0.21;0.05;NaN
2010.143;BFO;SKKS;12.7;255.31;95.61;101.40;-13.93;-74.36;CENTRAL PERU;0.030;0.12;30;0.2;-Inf;73;Inf;0.0;1.7;Inf;75;2.2;good;Null;-0.36;0.05;NaN
1996.318;BFO;SKKS;12.7;255.68;97.14;33.00;-14.84;-75.69;NEAR COAST OF PERU;0.010;0.10;-63;0.2;-Inf;-18;Inf;0.0;4.0;Inf;-18;4.0;fair;Null;-0.41;0.08;NaN
2012.030;BFO;SKKS;12.7;256.08;96.61;43.00;-14.17;-75.63;NEAR COAST OF PERU;0.010;0.15;-57;0.1;-Inf;-12;Inf;0.0;4.0;Inf;-14;4.0;good;Null;0.04;0.07;NaN
2011.301;BFO;SKKS;12.7;256.15;97.03;24.00;-14.44;-75.97;NEAR COAST OF PERU;0.040;0.16;36;0.2;-13;-10;-5;1.3;3.5;4.0;-6;2.2;fair;Null;-0.28;0.08;NaN
1997.040;BFO;SKS;9.0;256.34;97.26;33.00;-14.49;-76.28;NEAR COAST OF PERU;0.010;0.10;-61;0.1;74;76;82;2.5;4.0;4.0;76;4.0;fair;Null;0.85;0.13;NaN
2007.228;BFO;SKS;9.0;256.37;97.01;23.40;-14.28;-76.13;NEAR COAST OF PERU;0.030;0.15;25;0.3;-11;70;76;0.0;3.4;4.0;6;0.3;fair;Null;0.04;0.06;NaN
1992.137;BFO;SKKS;12.7;256.76;96.52;56.00;-13.66;-76.09;NEAR COAST OF PERU;0.010;0.10;32;0.2;-Inf;-7;Inf;0.0;1.0;Inf;-13;4.0;good;Null;-0.19;0.03;NaN
1993.108;BFO;SKS;9.3;258.47;95.29;90.00;-11.61;-76.55;PERU;0.010;0.10;36;0.2;-11;-8;-3;1.0;3.6;4.0;-8;3.8;fair;Null;-0.25;0.05;NaN
1998.093;BFO;SKKS;12.8;259.05;91.19;164.60;-8.15;-74.24;PERU-BRAZIL BORDER REGIO;0.010;0.10;34;0.2;-Inf;-9;Inf;0.0;2.2;Inf;-9;2.1;fair;Null;-0.11;0.05;NaN
2007.193;BFO;SKS;10.0;259.30;91.12;152.10;-7.93;-74.38;PERU-BRAZIL BORDER REGIO;0.067;0.20;38;0.2;-Inf;-9;Inf;0.0;3.9;Inf;67;0.3;good;Null;-0.18;0.05;NaN
2008.239;BFO;SKS;10.0;259.49;90.90;154.00;-7.64;-74.38;PERU-BRAZIL BORDER REGIO;0.010;0.15;35;0.2;-Inf;-9;Inf;0.0;2.4;Inf;-11;4.0;good;Null;0.03;0.03;NaN
2011.236;BFO;SKS;10.0;259.60;91.00;147.00;-7.64;-74.53;PERU-BRAZIL BORDER REGIO;0.067;0.20;41;0.2;-11;-6;1;0.5;2.7;4.0;14;0.3;good;Null;-0.32;0.05;NaN
1995.266;BFO;SKS;9.2;260.77;95.89;73.00;-10.53;-78.70;NEAR COAST OF PERU;0.010;0.10;-53;0.1;-Inf;83;Inf;0.0;3.2;Inf;83;3.7;good;Null;-0.09;0.05;NaN
2005.269;BFO;SKS;10.0;262.29;90.75;115.00;-5.68;-76.40;NORTHERN PERU;0.067;0.20;42;0.2;-Inf;-2;Inf;0.0;3.2;Inf;-8;4.0;fair;Null;-0.06;0.10;NaN
2014.074;BFO;SKS;9.6;265.70;93.63;9.80;-5.57;-80.88;NEAR COAST OF NORTHERN P;0.050;0.13;42;0.2;-Inf;-0;Inf;0.0;1.4;Inf;-2;2.1;fair;Null;-0.01;0.07;NaN
2001.177;BFO;SKS;7.4;284.72;108.06;10.00;-4.07;-104.47;NORTHERN EASTER I. CORDI;0.010;0.10;56;0.7;56;-81;-80;0.5;4.0;4.0;-81;4.0;fair;Null;-0.46;0.13;NaN
2003.249;BFO;SKS;7.2;285.61;109.49;10.00;-4.62;-106.04;CENTRAL EAST PACIFIC RIS;0.010;0.10;64;0.3;-86;-76;-76;1.5;4.0;4.0;-72;4.0;fair;Null;0.02;0.16;NaN
1995.335;BFO;SKKS;12.7;293.60;96.53;67.10;10.34;-103.94;Off Coast Of Mexico;0.010;0.10;70;0.2;-Inf;28;Inf;0.0;4.0;Inf;-66;4.0;fair;Null;-0.25;0.06;NaN
2001.140;BFO;SKKS;12.9;299.23;90.15;33.00;18.82;-104.45;NEAR COAST OF JALISCO, M;0.010;0.10;79;0.2;29;33;-74;0.2;4.0;4.0;-61;1.6;good;Null;-0.17;0.04;NaN
2006.288;BFO;SKS;7.2;344.21;110.35;38.90;19.88;-155.93;HAWAII;0.010;0.10;33;0.2;-17;-12;-7;0.9;4.0;4.0;-10;4.0;fair;Null;-0.14;0.06;NaN
2006.288;BFO;SKKS;12.0;344.21;110.35;38.90;19.88;-155.93;HAWAII;0.010;0.15;34;0.1;-17;-12;-9;1.0;4.0;4.0;80;4.0;fair;Null;0.08;0.09;NaN